id,breed
11_pig_frame40,11_pig
25_pig_frame36,25_pig
27_pig_frame33,27_pig
23_pig_frame9,23_pig
26_pig_frame31,26_pig
28_pig_frame17,29_pig
29_pig_frame42,29_pig
2_pig_frame37,2_pig
8_pig_frame42,8_pig
4_pig_frame43,4_pig
5_pig_frame2,5_pig
27_pig_frame8,27_pig
21_pig_frame25,21_pig
26_pig_frame23,26_pig
17_pig_frame25,17_pig
15_pig_frame48,15_pig
11_pig_frame48,11_pig
10_pig_frame12,10_pig
27_pig_frame46,27_pig
11_pig_frame15,11_pig
3_pig_frame36,3_pig
18_pig_frame44,18_pig
8_pig_frame54,8_pig
30_pig_frame7,30_pig
22_pig_frame8,22_pig
12_pig_frame37,12_pig
29_pig_frame8,29_pig
5_pig_frame22,5_pig
13_pig_frame10,13_pig
1_pig_frame30,1_pig
12_pig_frame42,12_pig
22_pig_frame24,22_pig
22_pig_frame28,22_pig
18_pig_frame4,18_pig
2_pig_frame4,2_pig
12_pig_frame18,12_pig
23_pig_frame38,23_pig
22_pig_frame12,22_pig
22_pig_frame59,22_pig
27_pig_frame9,27_pig
19_pig_frame47,19_pig
29_pig_frame40,29_pig
12_pig_frame33,12_pig
10_pig_frame42,10_pig
10_pig_frame27,10_pig
29_pig_frame16,29_pig
25_pig_frame33,25_pig
23_pig_frame16,23_pig
3_pig_frame4,3_pig
28_pig_frame18,29_pig
9_pig_frame59,9_pig
12_pig_frame6,12_pig
23_pig_frame43,23_pig
15_pig_frame17,15_pig
19_pig_frame30,19_pig
6_pig_frame31,6_pig
15_pig_frame40,15_pig
23_pig_frame30,23_pig
9_pig_frame34,9_pig
4_pig_frame56,4_pig
8_pig_frame20,8_pig
1_pig_frame25,1_pig
25_pig_frame21,25_pig
2_pig_frame47,2_pig
12_pig_frame7,12_pig
7_pig_frame44,7_pig
13_pig_frame25,13_pig
16_pig_frame49,16_pig
26_pig_frame60,26_pig
25_pig_frame58,25_pig
27_pig_frame23,27_pig
25_pig_frame22,25_pig
6_pig_frame6,6_pig
17_pig_frame8,17_pig
26_pig_frame42,26_pig
27_pig_frame47,27_pig
8_pig_frame37,8_pig
13_pig_frame36,13_pig
19_pig_frame1,19_pig
16_pig_frame58,16_pig
30_pig_frame4,30_pig
24_pig_frame12,24_pig
14_pig_frame44,14_pig
20_pig_frame8,20_pig
16_pig_frame51,16_pig
23_pig_frame20,23_pig
26_pig_frame11,26_pig
5_pig_frame48,5_pig
20_pig_frame20,20_pig
6_pig_frame12,6_pig
29_pig_frame17,29_pig
23_pig_frame15,23_pig
28_pig_frame49,29_pig
7_pig_frame35,7_pig
30_pig_frame25,30_pig
6_pig_frame3,6_pig
10_pig_frame34,10_pig
1_pig_frame27,1_pig
11_pig_frame10,11_pig
24_pig_frame35,24_pig
14_pig_frame51,14_pig
21_pig_frame50,21_pig
27_pig_frame50,27_pig
22_pig_frame13,22_pig
20_pig_frame26,20_pig
24_pig_frame1,24_pig
14_pig_frame10,14_pig
14_pig_frame59,14_pig
11_pig_frame37,11_pig
9_pig_frame56,9_pig
3_pig_frame44,3_pig
21_pig_frame30,21_pig
21_pig_frame9,21_pig
1_pig_frame17,1_pig
17_pig_frame43,17_pig
2_pig_frame45,2_pig
4_pig_frame17,4_pig
7_pig_frame18,7_pig
4_pig_frame57,4_pig
29_pig_frame34,29_pig
30_pig_frame59,30_pig
9_pig_frame13,9_pig
18_pig_frame2,18_pig
30_pig_frame39,30_pig
17_pig_frame23,17_pig
26_pig_frame10,26_pig
22_pig_frame44,22_pig
19_pig_frame31,19_pig
30_pig_frame34,30_pig
10_pig_frame31,10_pig
16_pig_frame33,16_pig
18_pig_frame25,18_pig
28_pig_frame20,29_pig
15_pig_frame30,15_pig
5_pig_frame42,5_pig
7_pig_frame51,7_pig
18_pig_frame33,18_pig
16_pig_frame40,16_pig
15_pig_frame24,15_pig
17_pig_frame2,17_pig
8_pig_frame50,8_pig
7_pig_frame7,7_pig
14_pig_frame58,14_pig
18_pig_frame52,18_pig
14_pig_frame52,14_pig
6_pig_frame10,6_pig
20_pig_frame4,20_pig
7_pig_frame38,7_pig
13_pig_frame28,13_pig
27_pig_frame37,27_pig
27_pig_frame15,27_pig
26_pig_frame6,26_pig
6_pig_frame22,6_pig
27_pig_frame32,27_pig
7_pig_frame14,7_pig
1_pig_frame39,1_pig
19_pig_frame7,19_pig
2_pig_frame55,2_pig
30_pig_frame56,30_pig
14_pig_frame26,14_pig
6_pig_frame49,6_pig
18_pig_frame13,18_pig
12_pig_frame53,12_pig
16_pig_frame50,16_pig
22_pig_frame43,22_pig
21_pig_frame46,21_pig
4_pig_frame13,4_pig
14_pig_frame54,14_pig
19_pig_frame50,19_pig
1_pig_frame54,1_pig
5_pig_frame58,5_pig
26_pig_frame49,26_pig
8_pig_frame1,8_pig
1_pig_frame50,1_pig
4_pig_frame25,4_pig
6_pig_frame51,6_pig
29_pig_frame5,29_pig
23_pig_frame44,23_pig
10_pig_frame6,10_pig
6_pig_frame32,6_pig
2_pig_frame53,2_pig
15_pig_frame26,15_pig
27_pig_frame30,27_pig
3_pig_frame25,3_pig
7_pig_frame6,7_pig
16_pig_frame39,16_pig
3_pig_frame8,3_pig
16_pig_frame4,16_pig
28_pig_frame50,29_pig
4_pig_frame24,4_pig
26_pig_frame22,26_pig
28_pig_frame11,29_pig
22_pig_frame17,22_pig
6_pig_frame60,6_pig
21_pig_frame53,21_pig
7_pig_frame50,7_pig
28_pig_frame27,29_pig
12_pig_frame14,12_pig
1_pig_frame24,1_pig
17_pig_frame9,17_pig
13_pig_frame41,13_pig
12_pig_frame1,12_pig
27_pig_frame24,27_pig
26_pig_frame37,26_pig
6_pig_frame57,6_pig
25_pig_frame26,25_pig
5_pig_frame51,5_pig
20_pig_frame59,20_pig
2_pig_frame14,2_pig
5_pig_frame29,5_pig
21_pig_frame7,21_pig
4_pig_frame60,4_pig
17_pig_frame14,17_pig
10_pig_frame24,10_pig
15_pig_frame8,15_pig
17_pig_frame5,17_pig
28_pig_frame60,29_pig
15_pig_frame28,15_pig
5_pig_frame21,5_pig
22_pig_frame2,22_pig
7_pig_frame39,7_pig
1_pig_frame43,1_pig
29_pig_frame59,29_pig
27_pig_frame49,27_pig
18_pig_frame40,18_pig
2_pig_frame26,2_pig
26_pig_frame40,26_pig
17_pig_frame29,17_pig
20_pig_frame55,20_pig
19_pig_frame22,19_pig
6_pig_frame33,6_pig
16_pig_frame59,16_pig
11_pig_frame46,11_pig
6_pig_frame18,6_pig
13_pig_frame55,13_pig
19_pig_frame43,19_pig
1_pig_frame1,1_pig
7_pig_frame4,7_pig
28_pig_frame1,29_pig
30_pig_frame24,30_pig
25_pig_frame35,25_pig
14_pig_frame14,14_pig
10_pig_frame7,10_pig
8_pig_frame41,8_pig
12_pig_frame26,12_pig
28_pig_frame43,29_pig
30_pig_frame45,30_pig
2_pig_frame28,2_pig
28_pig_frame48,29_pig
28_pig_frame34,29_pig
17_pig_frame28,17_pig
27_pig_frame27,27_pig
20_pig_frame50,20_pig
4_pig_frame48,4_pig
5_pig_frame13,5_pig
13_pig_frame44,13_pig
15_pig_frame12,15_pig
19_pig_frame12,19_pig
4_pig_frame15,4_pig
28_pig_frame41,29_pig
12_pig_frame20,12_pig
10_pig_frame47,10_pig
26_pig_frame41,26_pig
25_pig_frame15,25_pig
20_pig_frame56,20_pig
18_pig_frame38,18_pig
16_pig_frame13,16_pig
24_pig_frame2,24_pig
24_pig_frame38,24_pig
7_pig_frame19,7_pig
3_pig_frame27,3_pig
1_pig_frame22,1_pig
10_pig_frame33,10_pig
20_pig_frame2,20_pig
4_pig_frame11,4_pig
17_pig_frame12,17_pig
19_pig_frame42,19_pig
18_pig_frame24,18_pig
18_pig_frame59,18_pig
23_pig_frame19,23_pig
11_pig_frame53,11_pig
18_pig_frame12,18_pig
15_pig_frame37,15_pig
29_pig_frame56,29_pig
2_pig_frame29,2_pig
7_pig_frame28,7_pig
30_pig_frame60,30_pig
27_pig_frame51,27_pig
13_pig_frame6,13_pig
13_pig_frame14,13_pig
30_pig_frame26,30_pig
28_pig_frame14,29_pig
6_pig_frame11,6_pig
23_pig_frame5,23_pig
12_pig_frame22,12_pig
15_pig_frame1,15_pig
1_pig_frame55,1_pig
27_pig_frame31,27_pig
10_pig_frame28,10_pig
2_pig_frame7,2_pig
16_pig_frame20,16_pig
26_pig_frame16,26_pig
25_pig_frame50,25_pig
26_pig_frame59,26_pig
14_pig_frame21,14_pig
11_pig_frame38,11_pig
22_pig_frame25,22_pig
16_pig_frame41,16_pig
8_pig_frame23,8_pig
7_pig_frame33,7_pig
20_pig_frame27,20_pig
1_pig_frame15,1_pig
24_pig_frame36,24_pig
16_pig_frame26,16_pig
13_pig_frame11,13_pig
23_pig_frame3,23_pig
13_pig_frame22,13_pig
22_pig_frame35,22_pig
6_pig_frame52,6_pig
3_pig_frame26,3_pig
26_pig_frame39,26_pig
16_pig_frame46,16_pig
10_pig_frame26,10_pig
29_pig_frame20,29_pig
8_pig_frame33,8_pig
7_pig_frame24,7_pig
27_pig_frame44,27_pig
27_pig_frame59,27_pig
24_pig_frame22,24_pig
2_pig_frame50,2_pig
25_pig_frame20,25_pig
29_pig_frame47,29_pig
28_pig_frame38,29_pig
3_pig_frame15,3_pig
29_pig_frame28,29_pig
30_pig_frame23,30_pig
17_pig_frame47,17_pig
28_pig_frame7,29_pig
12_pig_frame47,12_pig
9_pig_frame39,9_pig
3_pig_frame16,3_pig
23_pig_frame4,23_pig
18_pig_frame8,18_pig
18_pig_frame56,18_pig
3_pig_frame40,3_pig
23_pig_frame48,23_pig
1_pig_frame40,1_pig
21_pig_frame38,21_pig
5_pig_frame20,5_pig
3_pig_frame23,3_pig
7_pig_frame47,7_pig
3_pig_frame29,3_pig
1_pig_frame36,1_pig
10_pig_frame56,10_pig
11_pig_frame39,11_pig
28_pig_frame57,29_pig
9_pig_frame26,9_pig
9_pig_frame58,9_pig
22_pig_frame49,22_pig
13_pig_frame54,13_pig
4_pig_frame7,4_pig
24_pig_frame17,24_pig
17_pig_frame13,17_pig
23_pig_frame33,23_pig
29_pig_frame19,29_pig
13_pig_frame24,13_pig
22_pig_frame60,22_pig
18_pig_frame11,18_pig
13_pig_frame49,13_pig
21_pig_frame2,21_pig
1_pig_frame21,1_pig
9_pig_frame4,9_pig
21_pig_frame12,21_pig
7_pig_frame21,7_pig
7_pig_frame31,7_pig
20_pig_frame45,20_pig
9_pig_frame28,9_pig
21_pig_frame28,21_pig
26_pig_frame21,26_pig
21_pig_frame17,21_pig
28_pig_frame16,29_pig
3_pig_frame9,3_pig
5_pig_frame53,5_pig
16_pig_frame30,16_pig
7_pig_frame8,7_pig
28_pig_frame33,29_pig
7_pig_frame54,7_pig
29_pig_frame57,29_pig
21_pig_frame1,21_pig
13_pig_frame8,13_pig
6_pig_frame41,6_pig
24_pig_frame21,24_pig
16_pig_frame27,16_pig
30_pig_frame37,30_pig
30_pig_frame22,30_pig
4_pig_frame47,4_pig
25_pig_frame40,25_pig
22_pig_frame23,22_pig
22_pig_frame18,22_pig
13_pig_frame31,13_pig
19_pig_frame44,19_pig
17_pig_frame1,17_pig
20_pig_frame31,20_pig
5_pig_frame11,5_pig
10_pig_frame60,10_pig
14_pig_frame55,14_pig
27_pig_frame5,27_pig
11_pig_frame43,11_pig
29_pig_frame55,29_pig
10_pig_frame55,10_pig
16_pig_frame6,16_pig
23_pig_frame26,23_pig
11_pig_frame30,11_pig
24_pig_frame47,24_pig
21_pig_frame43,21_pig
12_pig_frame38,12_pig
26_pig_frame57,26_pig
7_pig_frame60,7_pig
17_pig_frame51,17_pig
15_pig_frame54,15_pig
2_pig_frame25,2_pig
24_pig_frame25,24_pig
27_pig_frame36,27_pig
21_pig_frame8,21_pig
22_pig_frame52,22_pig
13_pig_frame34,13_pig
8_pig_frame46,8_pig
19_pig_frame40,19_pig
6_pig_frame19,6_pig
24_pig_frame57,24_pig
12_pig_frame15,12_pig
5_pig_frame10,5_pig
6_pig_frame56,6_pig
8_pig_frame58,8_pig
10_pig_frame32,10_pig
20_pig_frame1,20_pig
10_pig_frame43,10_pig
9_pig_frame12,9_pig
16_pig_frame47,16_pig
17_pig_frame44,17_pig
4_pig_frame50,4_pig
7_pig_frame53,7_pig
27_pig_frame35,27_pig
1_pig_frame56,1_pig
14_pig_frame60,14_pig
17_pig_frame24,17_pig
19_pig_frame8,19_pig
25_pig_frame49,25_pig
9_pig_frame23,9_pig
8_pig_frame47,8_pig
11_pig_frame5,11_pig
2_pig_frame20,2_pig
8_pig_frame9,8_pig
25_pig_frame54,25_pig
17_pig_frame32,17_pig
1_pig_frame42,1_pig
25_pig_frame1,25_pig
13_pig_frame47,13_pig
30_pig_frame32,30_pig
4_pig_frame29,4_pig
8_pig_frame29,8_pig
30_pig_frame14,30_pig
2_pig_frame36,2_pig
29_pig_frame32,29_pig
8_pig_frame27,8_pig
28_pig_frame55,29_pig
14_pig_frame32,14_pig
23_pig_frame2,23_pig
11_pig_frame20,11_pig
6_pig_frame46,6_pig
3_pig_frame11,3_pig
24_pig_frame23,24_pig
17_pig_frame54,17_pig
12_pig_frame17,12_pig
25_pig_frame5,25_pig
25_pig_frame37,25_pig
30_pig_frame51,30_pig
27_pig_frame4,27_pig
6_pig_frame44,6_pig
5_pig_frame30,5_pig
15_pig_frame29,15_pig
26_pig_frame35,26_pig
5_pig_frame23,5_pig
17_pig_frame10,17_pig
5_pig_frame8,5_pig
10_pig_frame3,10_pig
15_pig_frame32,15_pig
20_pig_frame3,20_pig
12_pig_frame56,12_pig
5_pig_frame34,5_pig
14_pig_frame12,14_pig
19_pig_frame23,19_pig
2_pig_frame11,2_pig
5_pig_frame55,5_pig
18_pig_frame31,18_pig
21_pig_frame18,21_pig
12_pig_frame2,12_pig
5_pig_frame40,5_pig
2_pig_frame24,2_pig
29_pig_frame24,29_pig
5_pig_frame4,5_pig
26_pig_frame14,26_pig
12_pig_frame52,12_pig
5_pig_frame19,5_pig
2_pig_frame49,2_pig
25_pig_frame9,25_pig
11_pig_frame36,11_pig
22_pig_frame3,22_pig
18_pig_frame53,18_pig
13_pig_frame29,13_pig
10_pig_frame38,10_pig
20_pig_frame54,20_pig
30_pig_frame9,30_pig
25_pig_frame6,25_pig
7_pig_frame3,7_pig
16_pig_frame34,16_pig
1_pig_frame10,1_pig
14_pig_frame43,14_pig
20_pig_frame17,20_pig
20_pig_frame47,20_pig
24_pig_frame18,24_pig
9_pig_frame50,9_pig
22_pig_frame39,22_pig
17_pig_frame59,17_pig
12_pig_frame16,12_pig
18_pig_frame5,18_pig
19_pig_frame20,19_pig
20_pig_frame58,20_pig
13_pig_frame60,13_pig
6_pig_frame35,6_pig
13_pig_frame12,13_pig
18_pig_frame45,18_pig
5_pig_frame26,5_pig
13_pig_frame33,13_pig
24_pig_frame58,24_pig
16_pig_frame42,16_pig
19_pig_frame25,19_pig
8_pig_frame51,8_pig
6_pig_frame58,6_pig
24_pig_frame3,24_pig
20_pig_frame19,20_pig
10_pig_frame4,10_pig
3_pig_frame22,3_pig
26_pig_frame1,26_pig
14_pig_frame27,14_pig
30_pig_frame49,30_pig
15_pig_frame39,15_pig
3_pig_frame32,3_pig
25_pig_frame8,25_pig
27_pig_frame7,27_pig
25_pig_frame18,25_pig
18_pig_frame34,18_pig
20_pig_frame35,20_pig
26_pig_frame46,26_pig
11_pig_frame32,11_pig
14_pig_frame41,14_pig
9_pig_frame60,9_pig
27_pig_frame10,27_pig
19_pig_frame55,19_pig
7_pig_frame23,7_pig
6_pig_frame9,6_pig
18_pig_frame16,18_pig
7_pig_frame45,7_pig
19_pig_frame37,19_pig
4_pig_frame5,4_pig
16_pig_frame60,16_pig
25_pig_frame31,25_pig
26_pig_frame51,26_pig
25_pig_frame11,25_pig
3_pig_frame42,3_pig
20_pig_frame48,20_pig
25_pig_frame7,25_pig
14_pig_frame30,14_pig
3_pig_frame43,3_pig
29_pig_frame58,29_pig
13_pig_frame13,13_pig
10_pig_frame19,10_pig
3_pig_frame10,3_pig
29_pig_frame52,29_pig
11_pig_frame60,11_pig
21_pig_frame37,21_pig
24_pig_frame4,24_pig
14_pig_frame49,14_pig
30_pig_frame15,30_pig
28_pig_frame10,29_pig
5_pig_frame32,5_pig
22_pig_frame50,22_pig
5_pig_frame14,5_pig
7_pig_frame16,7_pig
16_pig_frame54,16_pig
13_pig_frame43,13_pig
15_pig_frame42,15_pig
11_pig_frame12,11_pig
6_pig_frame34,6_pig
12_pig_frame41,12_pig
12_pig_frame27,12_pig
19_pig_frame4,19_pig
15_pig_frame21,15_pig
22_pig_frame51,22_pig
13_pig_frame40,13_pig
16_pig_frame29,16_pig
21_pig_frame21,21_pig
24_pig_frame44,24_pig
11_pig_frame49,11_pig
2_pig_frame31,2_pig
30_pig_frame58,30_pig
6_pig_frame50,6_pig
1_pig_frame5,1_pig
22_pig_frame29,22_pig
30_pig_frame55,30_pig
6_pig_frame7,6_pig
27_pig_frame2,27_pig
29_pig_frame37,29_pig
4_pig_frame19,4_pig
25_pig_frame2,25_pig
16_pig_frame19,16_pig
6_pig_frame45,6_pig
6_pig_frame1,6_pig
25_pig_frame48,25_pig
17_pig_frame18,17_pig
11_pig_frame28,11_pig
24_pig_frame50,24_pig
14_pig_frame17,14_pig
3_pig_frame30,3_pig
26_pig_frame4,26_pig
17_pig_frame41,17_pig
28_pig_frame29,29_pig
12_pig_frame58,12_pig
20_pig_frame44,20_pig
9_pig_frame25,9_pig
1_pig_frame37,1_pig
11_pig_frame2,11_pig
28_pig_frame19,29_pig
19_pig_frame13,19_pig
5_pig_frame25,5_pig
30_pig_frame54,30_pig
17_pig_frame31,17_pig
28_pig_frame9,29_pig
11_pig_frame29,11_pig
16_pig_frame57,16_pig
29_pig_frame21,29_pig
4_pig_frame53,4_pig
26_pig_frame36,26_pig
13_pig_frame20,13_pig
15_pig_frame44,15_pig
30_pig_frame21,30_pig
23_pig_frame39,23_pig
4_pig_frame54,4_pig
3_pig_frame59,3_pig
12_pig_frame19,12_pig
26_pig_frame30,26_pig
5_pig_frame5,5_pig
4_pig_frame3,4_pig
29_pig_frame25,29_pig
29_pig_frame41,29_pig
21_pig_frame47,21_pig
8_pig_frame31,8_pig
6_pig_frame8,6_pig
19_pig_frame51,19_pig
21_pig_frame34,21_pig
2_pig_frame34,2_pig
15_pig_frame38,15_pig
18_pig_frame3,18_pig
6_pig_frame40,6_pig
9_pig_frame19,9_pig
28_pig_frame6,29_pig
26_pig_frame8,26_pig
14_pig_frame13,14_pig
16_pig_frame9,16_pig
5_pig_frame17,5_pig
25_pig_frame16,25_pig
9_pig_frame49,9_pig
22_pig_frame41,22_pig
12_pig_frame31,12_pig
17_pig_frame6,17_pig
7_pig_frame22,7_pig
6_pig_frame29,6_pig
27_pig_frame40,27_pig
10_pig_frame59,10_pig
8_pig_frame52,8_pig
21_pig_frame5,21_pig
26_pig_frame3,26_pig
19_pig_frame53,19_pig
12_pig_frame10,12_pig
30_pig_frame31,30_pig
25_pig_frame57,25_pig
24_pig_frame39,24_pig
25_pig_frame12,25_pig
26_pig_frame29,26_pig
14_pig_frame56,14_pig
15_pig_frame46,15_pig
9_pig_frame52,9_pig
2_pig_frame16,2_pig
5_pig_frame59,5_pig
27_pig_frame13,27_pig
9_pig_frame2,9_pig
21_pig_frame57,21_pig
19_pig_frame9,19_pig
28_pig_frame28,29_pig
4_pig_frame52,4_pig
1_pig_frame20,1_pig
1_pig_frame4,1_pig
4_pig_frame12,4_pig
24_pig_frame8,24_pig
30_pig_frame3,30_pig
3_pig_frame19,3_pig
10_pig_frame46,10_pig
20_pig_frame28,20_pig
11_pig_frame44,11_pig
28_pig_frame39,29_pig
10_pig_frame18,10_pig
30_pig_frame36,30_pig
2_pig_frame2,2_pig
16_pig_frame28,16_pig
22_pig_frame6,22_pig
5_pig_frame15,5_pig
30_pig_frame5,30_pig
1_pig_frame45,1_pig
23_pig_frame53,23_pig
4_pig_frame51,4_pig
10_pig_frame40,10_pig
4_pig_frame58,4_pig
20_pig_frame38,20_pig
21_pig_frame55,21_pig
16_pig_frame37,16_pig
20_pig_frame42,20_pig
18_pig_frame51,18_pig
20_pig_frame51,20_pig
13_pig_frame42,13_pig
14_pig_frame53,14_pig
30_pig_frame2,30_pig
12_pig_frame3,12_pig
4_pig_frame40,4_pig
23_pig_frame47,23_pig
23_pig_frame57,23_pig
19_pig_frame38,19_pig
16_pig_frame44,16_pig
6_pig_frame14,6_pig
9_pig_frame55,9_pig
18_pig_frame1,18_pig
23_pig_frame42,23_pig
5_pig_frame27,5_pig
1_pig_frame44,1_pig
9_pig_frame43,9_pig
16_pig_frame8,16_pig
19_pig_frame15,19_pig
18_pig_frame6,18_pig
19_pig_frame10,19_pig
4_pig_frame49,4_pig
25_pig_frame24,25_pig
11_pig_frame21,11_pig
22_pig_frame53,22_pig
27_pig_frame29,27_pig
25_pig_frame13,25_pig
8_pig_frame53,8_pig
25_pig_frame27,25_pig
15_pig_frame18,15_pig
9_pig_frame18,9_pig
24_pig_frame33,24_pig
10_pig_frame17,10_pig
15_pig_frame10,15_pig
15_pig_frame14,15_pig
3_pig_frame58,3_pig
9_pig_frame24,9_pig
24_pig_frame60,24_pig
9_pig_frame32,9_pig
21_pig_frame60,21_pig
9_pig_frame5,9_pig
7_pig_frame1,7_pig
14_pig_frame40,14_pig
24_pig_frame51,24_pig
4_pig_frame14,4_pig
8_pig_frame22,8_pig
29_pig_frame4,29_pig
18_pig_frame43,18_pig
29_pig_frame7,29_pig
26_pig_frame34,26_pig
6_pig_frame30,6_pig
18_pig_frame49,18_pig
29_pig_frame48,29_pig
30_pig_frame6,30_pig
12_pig_frame36,12_pig
8_pig_frame5,8_pig
5_pig_frame39,5_pig
26_pig_frame19,26_pig
28_pig_frame42,29_pig
5_pig_frame50,5_pig
14_pig_frame2,14_pig
28_pig_frame26,29_pig
19_pig_frame11,19_pig
12_pig_frame29,12_pig
13_pig_frame17,13_pig
2_pig_frame1,2_pig
13_pig_frame30,13_pig
17_pig_frame48,17_pig
9_pig_frame11,9_pig
10_pig_frame37,10_pig
24_pig_frame11,24_pig
4_pig_frame55,4_pig
9_pig_frame31,9_pig
7_pig_frame29,7_pig
20_pig_frame7,20_pig
22_pig_frame5,22_pig
2_pig_frame46,2_pig
26_pig_frame56,26_pig
26_pig_frame18,26_pig
21_pig_frame6,21_pig
23_pig_frame36,23_pig
1_pig_frame51,1_pig
18_pig_frame26,18_pig
8_pig_frame18,8_pig
23_pig_frame55,23_pig
10_pig_frame8,10_pig
1_pig_frame2,1_pig
14_pig_frame22,14_pig
9_pig_frame21,9_pig
6_pig_frame21,6_pig
26_pig_frame15,26_pig
1_pig_frame49,1_pig
8_pig_frame39,8_pig
21_pig_frame22,21_pig
5_pig_frame44,5_pig
13_pig_frame56,13_pig
29_pig_frame38,29_pig
10_pig_frame49,10_pig
14_pig_frame20,14_pig
25_pig_frame47,25_pig
27_pig_frame19,27_pig
22_pig_frame4,22_pig
29_pig_frame15,29_pig
17_pig_frame53,17_pig
23_pig_frame27,23_pig
29_pig_frame6,29_pig
29_pig_frame49,29_pig
6_pig_frame39,6_pig
16_pig_frame48,16_pig
17_pig_frame20,17_pig
18_pig_frame32,18_pig
27_pig_frame17,27_pig
8_pig_frame4,8_pig
5_pig_frame45,5_pig
30_pig_frame46,30_pig
28_pig_frame4,29_pig
8_pig_frame60,8_pig
24_pig_frame15,24_pig
28_pig_frame45,29_pig
26_pig_frame9,26_pig
26_pig_frame45,26_pig
4_pig_frame26,4_pig
29_pig_frame27,29_pig
30_pig_frame50,30_pig
20_pig_frame36,20_pig
22_pig_frame16,22_pig
10_pig_frame30,10_pig
26_pig_frame52,26_pig
7_pig_frame41,7_pig
1_pig_frame41,1_pig
24_pig_frame40,24_pig
18_pig_frame14,18_pig
11_pig_frame55,11_pig
2_pig_frame52,2_pig
20_pig_frame43,20_pig
23_pig_frame25,23_pig
17_pig_frame16,17_pig
1_pig_frame8,1_pig
22_pig_frame40,22_pig
4_pig_frame10,4_pig
20_pig_frame14,20_pig
16_pig_frame15,16_pig
26_pig_frame53,26_pig
9_pig_frame44,9_pig
4_pig_frame33,4_pig
2_pig_frame18,2_pig
20_pig_frame21,20_pig
21_pig_frame51,21_pig
11_pig_frame33,11_pig
13_pig_frame26,13_pig
6_pig_frame17,6_pig
29_pig_frame11,29_pig
26_pig_frame25,26_pig
2_pig_frame56,2_pig
17_pig_frame57,17_pig
18_pig_frame29,18_pig
24_pig_frame27,24_pig
4_pig_frame30,4_pig
10_pig_frame23,10_pig
10_pig_frame53,10_pig
22_pig_frame36,22_pig
10_pig_frame25,10_pig
3_pig_frame57,3_pig
14_pig_frame31,14_pig
17_pig_frame36,17_pig
19_pig_frame39,19_pig
26_pig_frame38,26_pig
2_pig_frame42,2_pig
5_pig_frame3,5_pig
4_pig_frame36,4_pig
15_pig_frame13,15_pig
22_pig_frame45,22_pig
24_pig_frame30,24_pig
23_pig_frame37,23_pig
10_pig_frame57,10_pig
25_pig_frame34,25_pig
8_pig_frame16,8_pig
18_pig_frame50,18_pig
6_pig_frame27,6_pig
21_pig_frame4,21_pig
30_pig_frame11,30_pig
19_pig_frame6,19_pig
21_pig_frame20,21_pig
30_pig_frame47,30_pig
27_pig_frame60,27_pig
6_pig_frame13,6_pig
24_pig_frame19,24_pig
14_pig_frame42,14_pig
26_pig_frame32,26_pig
28_pig_frame40,29_pig
24_pig_frame26,24_pig
2_pig_frame27,2_pig
14_pig_frame25,14_pig
17_pig_frame49,17_pig
10_pig_frame29,10_pig
20_pig_frame34,20_pig
11_pig_frame7,11_pig
23_pig_frame23,23_pig
3_pig_frame3,3_pig
16_pig_frame2,16_pig
28_pig_frame52,29_pig
25_pig_frame44,25_pig
25_pig_frame19,25_pig
30_pig_frame13,30_pig
9_pig_frame40,9_pig
23_pig_frame24,23_pig
1_pig_frame6,1_pig
29_pig_frame10,29_pig
25_pig_frame32,25_pig
27_pig_frame16,27_pig
9_pig_frame51,9_pig
1_pig_frame60,1_pig
20_pig_frame22,20_pig
27_pig_frame6,27_pig
15_pig_frame19,15_pig
18_pig_frame42,18_pig
21_pig_frame40,21_pig
21_pig_frame13,21_pig
3_pig_frame33,3_pig
17_pig_frame58,17_pig
7_pig_frame11,7_pig
19_pig_frame5,19_pig
12_pig_frame23,12_pig
22_pig_frame55,22_pig
2_pig_frame38,2_pig
22_pig_frame47,22_pig
28_pig_frame15,29_pig
19_pig_frame18,19_pig
27_pig_frame56,27_pig
3_pig_frame2,3_pig
1_pig_frame46,1_pig
9_pig_frame8,9_pig
2_pig_frame44,2_pig
29_pig_frame2,29_pig
27_pig_frame45,27_pig
9_pig_frame46,9_pig
24_pig_frame10,24_pig
1_pig_frame38,1_pig
21_pig_frame11,21_pig
7_pig_frame9,7_pig
23_pig_frame52,23_pig
10_pig_frame14,10_pig
15_pig_frame53,15_pig
25_pig_frame45,25_pig
17_pig_frame55,17_pig
27_pig_frame11,27_pig
20_pig_frame16,20_pig
27_pig_frame42,27_pig
10_pig_frame5,10_pig
7_pig_frame57,7_pig
23_pig_frame21,23_pig
16_pig_frame43,16_pig
2_pig_frame6,2_pig
29_pig_frame60,29_pig
28_pig_frame22,29_pig
15_pig_frame47,15_pig
24_pig_frame45,24_pig
21_pig_frame16,21_pig
21_pig_frame59,21_pig
23_pig_frame6,23_pig
15_pig_frame16,15_pig
15_pig_frame6,15_pig
8_pig_frame44,8_pig
12_pig_frame44,12_pig
16_pig_frame55,16_pig
9_pig_frame15,9_pig
12_pig_frame55,12_pig
12_pig_frame39,12_pig
17_pig_frame50,17_pig
30_pig_frame17,30_pig
27_pig_frame1,27_pig
13_pig_frame58,13_pig
14_pig_frame24,14_pig
14_pig_frame4,14_pig
11_pig_frame41,11_pig
6_pig_frame26,6_pig
21_pig_frame33,21_pig
10_pig_frame36,10_pig
10_pig_frame21,10_pig
28_pig_frame36,29_pig
28_pig_frame12,29_pig
16_pig_frame52,16_pig
17_pig_frame27,17_pig
16_pig_frame11,16_pig
9_pig_frame36,9_pig
8_pig_frame40,8_pig
1_pig_frame11,1_pig
16_pig_frame1,16_pig
25_pig_frame39,25_pig
26_pig_frame48,26_pig
20_pig_frame10,20_pig
21_pig_frame41,21_pig
19_pig_frame32,19_pig
13_pig_frame53,13_pig
20_pig_frame9,20_pig
19_pig_frame3,19_pig
23_pig_frame14,23_pig
16_pig_frame24,16_pig
27_pig_frame34,27_pig
14_pig_frame36,14_pig
22_pig_frame14,22_pig
19_pig_frame26,19_pig
11_pig_frame31,11_pig
4_pig_frame32,4_pig
4_pig_frame6,4_pig
9_pig_frame57,9_pig
29_pig_frame44,29_pig
29_pig_frame26,29_pig
26_pig_frame43,26_pig
10_pig_frame16,10_pig
20_pig_frame11,20_pig
6_pig_frame59,6_pig
11_pig_frame6,11_pig
21_pig_frame49,21_pig
21_pig_frame10,21_pig
29_pig_frame12,29_pig
1_pig_frame28,1_pig
1_pig_frame23,1_pig
4_pig_frame23,4_pig
27_pig_frame43,27_pig
8_pig_frame10,8_pig
30_pig_frame20,30_pig
12_pig_frame60,12_pig
22_pig_frame34,22_pig
19_pig_frame48,19_pig
11_pig_frame8,11_pig
23_pig_frame50,23_pig
8_pig_frame48,8_pig
20_pig_frame18,20_pig
22_pig_frame31,22_pig
27_pig_frame38,27_pig
16_pig_frame17,16_pig
19_pig_frame27,19_pig
16_pig_frame3,16_pig
16_pig_frame38,16_pig
29_pig_frame3,29_pig
29_pig_frame33,29_pig
3_pig_frame48,3_pig
1_pig_frame18,1_pig
30_pig_frame53,30_pig
7_pig_frame49,7_pig
4_pig_frame16,4_pig
17_pig_frame37,17_pig
22_pig_frame58,22_pig
8_pig_frame21,8_pig
24_pig_frame29,24_pig
26_pig_frame33,26_pig
5_pig_frame18,5_pig
8_pig_frame26,8_pig
20_pig_frame30,20_pig
9_pig_frame30,9_pig
6_pig_frame55,6_pig
11_pig_frame14,11_pig
4_pig_frame20,4_pig
9_pig_frame14,9_pig
12_pig_frame50,12_pig
25_pig_frame28,25_pig
8_pig_frame6,8_pig
16_pig_frame36,16_pig
19_pig_frame36,19_pig
15_pig_frame59,15_pig
20_pig_frame60,20_pig
14_pig_frame9,14_pig
23_pig_frame31,23_pig
16_pig_frame21,16_pig
9_pig_frame29,9_pig
24_pig_frame9,24_pig
8_pig_frame57,8_pig
16_pig_frame23,16_pig
5_pig_frame33,5_pig
2_pig_frame21,2_pig
25_pig_frame25,25_pig
22_pig_frame42,22_pig
5_pig_frame38,5_pig
9_pig_frame41,9_pig
8_pig_frame30,8_pig
12_pig_frame49,12_pig
7_pig_frame56,7_pig
20_pig_frame5,20_pig
20_pig_frame6,20_pig
12_pig_frame28,12_pig
24_pig_frame20,24_pig
16_pig_frame22,16_pig
12_pig_frame9,12_pig
17_pig_frame56,17_pig
9_pig_frame54,9_pig
18_pig_frame22,18_pig
5_pig_frame47,5_pig
3_pig_frame50,3_pig
13_pig_frame2,13_pig
12_pig_frame45,12_pig
6_pig_frame2,6_pig
3_pig_frame49,3_pig
18_pig_frame15,18_pig
29_pig_frame50,29_pig
3_pig_frame13,3_pig
15_pig_frame33,15_pig
14_pig_frame45,14_pig
2_pig_frame23,2_pig
6_pig_frame28,6_pig
4_pig_frame8,4_pig
7_pig_frame59,7_pig
21_pig_frame42,21_pig
30_pig_frame8,30_pig
17_pig_frame34,17_pig
20_pig_frame46,20_pig
23_pig_frame56,23_pig
25_pig_frame55,25_pig
2_pig_frame57,2_pig
7_pig_frame36,7_pig
2_pig_frame8,2_pig
19_pig_frame33,19_pig
2_pig_frame33,2_pig
19_pig_frame17,19_pig
24_pig_frame54,24_pig
7_pig_frame42,7_pig
7_pig_frame25,7_pig
29_pig_frame13,29_pig
20_pig_frame15,20_pig
26_pig_frame12,26_pig
11_pig_frame42,11_pig
9_pig_frame6,9_pig
26_pig_frame50,26_pig
27_pig_frame58,27_pig
1_pig_frame57,1_pig
8_pig_frame32,8_pig
13_pig_frame16,13_pig
19_pig_frame34,19_pig
27_pig_frame12,27_pig
18_pig_frame41,18_pig
23_pig_frame12,23_pig
30_pig_frame28,30_pig
21_pig_frame58,21_pig
4_pig_frame4,4_pig
22_pig_frame19,22_pig
11_pig_frame57,11_pig
28_pig_frame37,29_pig
8_pig_frame13,8_pig
28_pig_frame35,29_pig
27_pig_frame41,27_pig
28_pig_frame24,29_pig
10_pig_frame51,10_pig
9_pig_frame1,9_pig
19_pig_frame24,19_pig
30_pig_frame52,30_pig
8_pig_frame11,8_pig
2_pig_frame48,2_pig
9_pig_frame7,9_pig
9_pig_frame17,9_pig
23_pig_frame54,23_pig
10_pig_frame50,10_pig
2_pig_frame17,2_pig
8_pig_frame14,8_pig
6_pig_frame54,6_pig
9_pig_frame48,9_pig
11_pig_frame16,11_pig
18_pig_frame18,18_pig
29_pig_frame29,29_pig
28_pig_frame3,29_pig
2_pig_frame30,2_pig
17_pig_frame3,17_pig
4_pig_frame2,4_pig
23_pig_frame35,23_pig
14_pig_frame29,14_pig
15_pig_frame50,15_pig
21_pig_frame52,21_pig
1_pig_frame53,1_pig
3_pig_frame21,3_pig
4_pig_frame46,4_pig
25_pig_frame59,25_pig
13_pig_frame27,13_pig
3_pig_frame54,3_pig
21_pig_frame54,21_pig
21_pig_frame31,21_pig
22_pig_frame48,22_pig
13_pig_frame59,13_pig
16_pig_frame31,16_pig
14_pig_frame28,14_pig
18_pig_frame23,18_pig
23_pig_frame13,23_pig
24_pig_frame48,24_pig
29_pig_frame31,29_pig
2_pig_frame43,2_pig
20_pig_frame23,20_pig
10_pig_frame15,10_pig
29_pig_frame45,29_pig
30_pig_frame19,30_pig
6_pig_frame25,6_pig
1_pig_frame35,1_pig
1_pig_frame26,1_pig
12_pig_frame43,12_pig
22_pig_frame26,22_pig
27_pig_frame48,27_pig
23_pig_frame58,23_pig
18_pig_frame21,18_pig
8_pig_frame8,8_pig
27_pig_frame20,27_pig
16_pig_frame12,16_pig
16_pig_frame7,16_pig
12_pig_frame40,12_pig
6_pig_frame37,6_pig
2_pig_frame54,2_pig
20_pig_frame40,20_pig
19_pig_frame59,19_pig
5_pig_frame43,5_pig
14_pig_frame47,14_pig
25_pig_frame46,25_pig
15_pig_frame35,15_pig
11_pig_frame54,11_pig
17_pig_frame33,17_pig
11_pig_frame13,11_pig
11_pig_frame22,11_pig
5_pig_frame52,5_pig
26_pig_frame7,26_pig
3_pig_frame17,3_pig
4_pig_frame45,4_pig
4_pig_frame21,4_pig
24_pig_frame7,24_pig
19_pig_frame41,19_pig
2_pig_frame32,2_pig
5_pig_frame57,5_pig
20_pig_frame53,20_pig
27_pig_frame21,27_pig
15_pig_frame4,15_pig
10_pig_frame39,10_pig
26_pig_frame47,26_pig
25_pig_frame53,25_pig
14_pig_frame8,14_pig
1_pig_frame29,1_pig
9_pig_frame22,9_pig
22_pig_frame27,22_pig
14_pig_frame35,14_pig
3_pig_frame35,3_pig
3_pig_frame5,3_pig
26_pig_frame5,26_pig
11_pig_frame25,11_pig
3_pig_frame45,3_pig
8_pig_frame35,8_pig
12_pig_frame8,12_pig
27_pig_frame57,27_pig
21_pig_frame48,21_pig
2_pig_frame41,2_pig
8_pig_frame56,8_pig
15_pig_frame55,15_pig
27_pig_frame3,27_pig
22_pig_frame56,22_pig
20_pig_frame49,20_pig
4_pig_frame44,4_pig
26_pig_frame27,26_pig
15_pig_frame27,15_pig
25_pig_frame30,25_pig
8_pig_frame45,8_pig
2_pig_frame15,2_pig
25_pig_frame56,25_pig
17_pig_frame21,17_pig
2_pig_frame22,2_pig
29_pig_frame9,29_pig
12_pig_frame51,12_pig
4_pig_frame18,4_pig
21_pig_frame39,21_pig
1_pig_frame12,1_pig
7_pig_frame15,7_pig
27_pig_frame39,27_pig
25_pig_frame14,25_pig
9_pig_frame10,9_pig
26_pig_frame13,26_pig
4_pig_frame41,4_pig
18_pig_frame36,18_pig
23_pig_frame11,23_pig
13_pig_frame7,13_pig
7_pig_frame12,7_pig
9_pig_frame37,9_pig
3_pig_frame6,3_pig
11_pig_frame51,11_pig
28_pig_frame51,29_pig
7_pig_frame5,7_pig
18_pig_frame20,18_pig
11_pig_frame24,11_pig
24_pig_frame55,24_pig
6_pig_frame48,6_pig
27_pig_frame55,27_pig
16_pig_frame16,16_pig
25_pig_frame42,25_pig
28_pig_frame44,29_pig
13_pig_frame37,13_pig
12_pig_frame13,12_pig
9_pig_frame3,9_pig
23_pig_frame49,23_pig
5_pig_frame37,5_pig
25_pig_frame4,25_pig
11_pig_frame59,11_pig
1_pig_frame16,1_pig
21_pig_frame32,21_pig
15_pig_frame5,15_pig
8_pig_frame55,8_pig
4_pig_frame37,4_pig
5_pig_frame1,5_pig
24_pig_frame49,24_pig
17_pig_frame40,17_pig
15_pig_frame56,15_pig
7_pig_frame48,7_pig
26_pig_frame2,26_pig
15_pig_frame43,15_pig
18_pig_frame37,18_pig
8_pig_frame17,8_pig
6_pig_frame16,6_pig
23_pig_frame59,23_pig
24_pig_frame46,24_pig
28_pig_frame56,29_pig
30_pig_frame42,30_pig
28_pig_frame13,29_pig
12_pig_frame21,12_pig
9_pig_frame53,9_pig
27_pig_frame18,27_pig
22_pig_frame38,22_pig
27_pig_frame52,27_pig
15_pig_frame9,15_pig
30_pig_frame40,30_pig
14_pig_frame37,14_pig
20_pig_frame32,20_pig
16_pig_frame53,16_pig
24_pig_frame37,24_pig
15_pig_frame23,15_pig
23_pig_frame7,23_pig
23_pig_frame10,23_pig
3_pig_frame20,3_pig
30_pig_frame35,30_pig
2_pig_frame19,2_pig
26_pig_frame26,26_pig
3_pig_frame34,3_pig
21_pig_frame19,21_pig
25_pig_frame17,25_pig
14_pig_frame16,14_pig
28_pig_frame2,29_pig
15_pig_frame25,15_pig
12_pig_frame12,12_pig
18_pig_frame27,18_pig
12_pig_frame57,12_pig
23_pig_frame51,23_pig
2_pig_frame10,2_pig
25_pig_frame29,25_pig
10_pig_frame22,10_pig
9_pig_frame33,9_pig
28_pig_frame53,29_pig
9_pig_frame45,9_pig
30_pig_frame33,30_pig
20_pig_frame12,20_pig
7_pig_frame30,7_pig
18_pig_frame57,18_pig
22_pig_frame33,22_pig
21_pig_frame35,21_pig
2_pig_frame35,2_pig
9_pig_frame47,9_pig
19_pig_frame60,19_pig
10_pig_frame45,10_pig
7_pig_frame55,7_pig
7_pig_frame58,7_pig
17_pig_frame35,17_pig
28_pig_frame46,29_pig
18_pig_frame17,18_pig
15_pig_frame49,15_pig
7_pig_frame10,7_pig
21_pig_frame23,21_pig
20_pig_frame39,20_pig
15_pig_frame7,15_pig
19_pig_frame14,19_pig
2_pig_frame39,2_pig
24_pig_frame28,24_pig
30_pig_frame10,30_pig
11_pig_frame26,11_pig
20_pig_frame13,20_pig
24_pig_frame13,24_pig
20_pig_frame37,20_pig
15_pig_frame15,15_pig
5_pig_frame7,5_pig
23_pig_frame40,23_pig
6_pig_frame36,6_pig
21_pig_frame14,21_pig
19_pig_frame29,19_pig
28_pig_frame25,29_pig
18_pig_frame55,18_pig
25_pig_frame52,25_pig
10_pig_frame54,10_pig
13_pig_frame48,13_pig
16_pig_frame32,16_pig
16_pig_frame35,16_pig
5_pig_frame41,5_pig
17_pig_frame22,17_pig
5_pig_frame6,5_pig
24_pig_frame16,24_pig
1_pig_frame13,1_pig
19_pig_frame16,19_pig
6_pig_frame23,6_pig
9_pig_frame42,9_pig
5_pig_frame54,5_pig
17_pig_frame46,17_pig
15_pig_frame31,15_pig
25_pig_frame23,25_pig
1_pig_frame34,1_pig
18_pig_frame28,18_pig
13_pig_frame52,13_pig
15_pig_frame11,15_pig
6_pig_frame4,6_pig
11_pig_frame23,11_pig
24_pig_frame31,24_pig
21_pig_frame15,21_pig
26_pig_frame28,26_pig
5_pig_frame28,5_pig
24_pig_frame41,24_pig
19_pig_frame28,19_pig
16_pig_frame14,16_pig
12_pig_frame5,12_pig
8_pig_frame12,8_pig
14_pig_frame23,14_pig
19_pig_frame19,19_pig
2_pig_frame51,2_pig
2_pig_frame13,2_pig
14_pig_frame46,14_pig
21_pig_frame27,21_pig
17_pig_frame26,17_pig
11_pig_frame17,11_pig
11_pig_frame35,11_pig
12_pig_frame59,12_pig
1_pig_frame59,1_pig
7_pig_frame37,7_pig
12_pig_frame30,12_pig
10_pig_frame10,10_pig
18_pig_frame7,18_pig
22_pig_frame32,22_pig
11_pig_frame56,11_pig
20_pig_frame41,20_pig
26_pig_frame44,26_pig
5_pig_frame49,5_pig
24_pig_frame32,24_pig
11_pig_frame34,11_pig
19_pig_frame21,19_pig
23_pig_frame41,23_pig
6_pig_frame38,6_pig
3_pig_frame53,3_pig
17_pig_frame7,17_pig
3_pig_frame41,3_pig
15_pig_frame22,15_pig
1_pig_frame48,1_pig
24_pig_frame42,24_pig
22_pig_frame7,22_pig
12_pig_frame48,12_pig
22_pig_frame46,22_pig
18_pig_frame47,18_pig
9_pig_frame20,9_pig
1_pig_frame58,1_pig
23_pig_frame22,23_pig
14_pig_frame39,14_pig
28_pig_frame5,29_pig
30_pig_frame43,30_pig
9_pig_frame38,9_pig
21_pig_frame44,21_pig
26_pig_frame20,26_pig
2_pig_frame9,2_pig
6_pig_frame5,6_pig
23_pig_frame8,23_pig
3_pig_frame37,3_pig
21_pig_frame45,21_pig
22_pig_frame21,22_pig
4_pig_frame9,4_pig
4_pig_frame22,4_pig
13_pig_frame18,13_pig
23_pig_frame29,23_pig
10_pig_frame52,10_pig
7_pig_frame40,7_pig
8_pig_frame15,8_pig
9_pig_frame35,9_pig
14_pig_frame6,14_pig
5_pig_frame60,5_pig
5_pig_frame16,5_pig
3_pig_frame24,3_pig
7_pig_frame2,7_pig
30_pig_frame29,30_pig
4_pig_frame38,4_pig
16_pig_frame10,16_pig
29_pig_frame35,29_pig
30_pig_frame1,30_pig
2_pig_frame5,2_pig
29_pig_frame22,29_pig
19_pig_frame56,19_pig
11_pig_frame4,11_pig
11_pig_frame58,11_pig
14_pig_frame19,14_pig
24_pig_frame59,24_pig
1_pig_frame52,1_pig
3_pig_frame7,3_pig
3_pig_frame12,3_pig
10_pig_frame1,10_pig
1_pig_frame33,1_pig
2_pig_frame40,2_pig
29_pig_frame18,29_pig
13_pig_frame39,13_pig
7_pig_frame32,7_pig
19_pig_frame2,19_pig
26_pig_frame55,26_pig
8_pig_frame25,8_pig
24_pig_frame43,24_pig
21_pig_frame36,21_pig
4_pig_frame1,4_pig
11_pig_frame1,11_pig
30_pig_frame41,30_pig
13_pig_frame5,13_pig
14_pig_frame3,14_pig
24_pig_frame56,24_pig
25_pig_frame60,25_pig
29_pig_frame46,29_pig
26_pig_frame54,26_pig
10_pig_frame44,10_pig
15_pig_frame51,15_pig
30_pig_frame48,30_pig
1_pig_frame19,1_pig
15_pig_frame41,15_pig
2_pig_frame59,2_pig
22_pig_frame15,22_pig
27_pig_frame28,27_pig
28_pig_frame54,29_pig
5_pig_frame46,5_pig
17_pig_frame15,17_pig
22_pig_frame10,22_pig
4_pig_frame39,4_pig
3_pig_frame51,3_pig
12_pig_frame34,12_pig
8_pig_frame59,8_pig
30_pig_frame57,30_pig
7_pig_frame20,7_pig
7_pig_frame34,7_pig
12_pig_frame46,12_pig
25_pig_frame43,25_pig
13_pig_frame32,13_pig
4_pig_frame28,4_pig
8_pig_frame7,8_pig
22_pig_frame1,22_pig
18_pig_frame19,18_pig
28_pig_frame31,29_pig
10_pig_frame9,10_pig
12_pig_frame54,12_pig
12_pig_frame11,12_pig
10_pig_frame20,10_pig
8_pig_frame28,8_pig
9_pig_frame16,9_pig
13_pig_frame23,13_pig
30_pig_frame38,30_pig
3_pig_frame56,3_pig
24_pig_frame52,24_pig
19_pig_frame35,19_pig
7_pig_frame52,7_pig
4_pig_frame59,4_pig
18_pig_frame46,18_pig
26_pig_frame24,26_pig
15_pig_frame3,15_pig
10_pig_frame58,10_pig
10_pig_frame11,10_pig
28_pig_frame32,29_pig
28_pig_frame58,29_pig
6_pig_frame53,6_pig
7_pig_frame27,7_pig
11_pig_frame3,11_pig
22_pig_frame11,22_pig
12_pig_frame32,12_pig
30_pig_frame12,30_pig
8_pig_frame49,8_pig
15_pig_frame2,15_pig
28_pig_frame21,29_pig
28_pig_frame30,29_pig
29_pig_frame51,29_pig
19_pig_frame45,19_pig
14_pig_frame33,14_pig
11_pig_frame11,11_pig
3_pig_frame52,3_pig
11_pig_frame9,11_pig
26_pig_frame17,26_pig
29_pig_frame23,29_pig
8_pig_frame19,8_pig
30_pig_frame30,30_pig
22_pig_frame20,22_pig
20_pig_frame29,20_pig
13_pig_frame50,13_pig
13_pig_frame15,13_pig
1_pig_frame9,1_pig
17_pig_frame60,17_pig
14_pig_frame34,14_pig
21_pig_frame26,21_pig
23_pig_frame32,23_pig
18_pig_frame58,18_pig
29_pig_frame30,29_pig
3_pig_frame47,3_pig
5_pig_frame35,5_pig
12_pig_frame35,12_pig
25_pig_frame51,25_pig
1_pig_frame14,1_pig
9_pig_frame9,9_pig
14_pig_frame15,14_pig
17_pig_frame52,17_pig
2_pig_frame58,2_pig
7_pig_frame17,7_pig
7_pig_frame26,7_pig
27_pig_frame25,27_pig
7_pig_frame13,7_pig
16_pig_frame18,16_pig
11_pig_frame27,11_pig
18_pig_frame9,18_pig
17_pig_frame11,17_pig
13_pig_frame4,13_pig
19_pig_frame54,19_pig
14_pig_frame11,14_pig
6_pig_frame42,6_pig
20_pig_frame52,20_pig
17_pig_frame42,17_pig
8_pig_frame43,8_pig
8_pig_frame2,8_pig
14_pig_frame48,14_pig
5_pig_frame24,5_pig
1_pig_frame7,1_pig
20_pig_frame57,20_pig
3_pig_frame60,3_pig
26_pig_frame58,26_pig
6_pig_frame43,6_pig
14_pig_frame5,14_pig
10_pig_frame48,10_pig
18_pig_frame39,18_pig
11_pig_frame50,11_pig
23_pig_frame60,23_pig
4_pig_frame42,4_pig
14_pig_frame50,14_pig
14_pig_frame1,14_pig
8_pig_frame3,8_pig
27_pig_frame14,27_pig
11_pig_frame52,11_pig
21_pig_frame29,21_pig
3_pig_frame55,3_pig
23_pig_frame34,23_pig
11_pig_frame18,11_pig
17_pig_frame17,17_pig
16_pig_frame56,16_pig
15_pig_frame52,15_pig
20_pig_frame33,20_pig
10_pig_frame35,10_pig
18_pig_frame48,18_pig
10_pig_frame41,10_pig
18_pig_frame54,18_pig
4_pig_frame35,4_pig
6_pig_frame47,6_pig
29_pig_frame53,29_pig
15_pig_frame57,15_pig
18_pig_frame10,18_pig
4_pig_frame34,4_pig
3_pig_frame38,3_pig
1_pig_frame32,1_pig
5_pig_frame31,5_pig
14_pig_frame57,14_pig
17_pig_frame39,17_pig
3_pig_frame31,3_pig
3_pig_frame46,3_pig
19_pig_frame52,19_pig
23_pig_frame28,23_pig
22_pig_frame37,22_pig
27_pig_frame54,27_pig
7_pig_frame43,7_pig
15_pig_frame20,15_pig
29_pig_frame36,29_pig
20_pig_frame24,20_pig
12_pig_frame4,12_pig
18_pig_frame30,18_pig
18_pig_frame60,18_pig
30_pig_frame27,30_pig
22_pig_frame9,22_pig
21_pig_frame56,21_pig
29_pig_frame14,29_pig
15_pig_frame34,15_pig
3_pig_frame18,3_pig
27_pig_frame53,27_pig
5_pig_frame56,5_pig
15_pig_frame36,15_pig
13_pig_frame57,13_pig
8_pig_frame34,8_pig
29_pig_frame39,29_pig
2_pig_frame3,2_pig
6_pig_frame24,6_pig
24_pig_frame53,24_pig
21_pig_frame3,21_pig
10_pig_frame2,10_pig
24_pig_frame24,24_pig
14_pig_frame7,14_pig
30_pig_frame44,30_pig
8_pig_frame36,8_pig
19_pig_frame58,19_pig
8_pig_frame24,8_pig
5_pig_frame12,5_pig
15_pig_frame60,15_pig
27_pig_frame26,27_pig
13_pig_frame3,13_pig
29_pig_frame43,29_pig
16_pig_frame45,16_pig
24_pig_frame5,24_pig
11_pig_frame19,11_pig
17_pig_frame19,17_pig
24_pig_frame14,24_pig
25_pig_frame41,25_pig
22_pig_frame54,22_pig
13_pig_frame21,13_pig
1_pig_frame31,1_pig
13_pig_frame1,13_pig
19_pig_frame49,19_pig
2_pig_frame60,2_pig
24_pig_frame6,24_pig
17_pig_frame4,17_pig
25_pig_frame10,25_pig
7_pig_frame46,7_pig
16_pig_frame5,16_pig
28_pig_frame8,29_pig
25_pig_frame38,25_pig
16_pig_frame25,16_pig
21_pig_frame24,21_pig
4_pig_frame27,4_pig
6_pig_frame20,6_pig
29_pig_frame54,29_pig
25_pig_frame3,25_pig
9_pig_frame27,9_pig
13_pig_frame19,13_pig
3_pig_frame1,3_pig
5_pig_frame36,5_pig
19_pig_frame46,19_pig
29_pig_frame1,29_pig
13_pig_frame38,13_pig
22_pig_frame30,22_pig
1_pig_frame3,1_pig
24_pig_frame34,24_pig
22_pig_frame22,22_pig
22_pig_frame57,22_pig
13_pig_frame9,13_pig
6_pig_frame15,6_pig
14_pig_frame18,14_pig
23_pig_frame45,23_pig
1_pig_frame47,1_pig
30_pig_frame16,30_pig
17_pig_frame38,17_pig
3_pig_frame39,3_pig
13_pig_frame46,13_pig
14_pig_frame38,14_pig
15_pig_frame58,15_pig
28_pig_frame47,29_pig
5_pig_frame9,5_pig
23_pig_frame18,23_pig
23_pig_frame17,23_pig
10_pig_frame13,10_pig
28_pig_frame59,29_pig
23_pig_frame1,23_pig
19_pig_frame57,19_pig
11_pig_frame45,11_pig
17_pig_frame30,17_pig
13_pig_frame51,13_pig
13_pig_frame45,13_pig
18_pig_frame35,18_pig
13_pig_frame35,13_pig
12_pig_frame25,12_pig
17_pig_frame45,17_pig
23_pig_frame46,23_pig
28_pig_frame23,29_pig
30_pig_frame18,30_pig
12_pig_frame24,12_pig
4_pig_frame31,4_pig
3_pig_frame14,3_pig
27_pig_frame22,27_pig
15_pig_frame45,15_pig
3_pig_frame28,3_pig
11_pig_frame47,11_pig
2_pig_frame12,2_pig
8_pig_frame38,8_pig
20_pig_frame25,20_pig